<?xml version="1.0" encoding="UTF-8"?>
<con:soapui-project id="206a7ca4-5751-4da2-b3ea-b1bab5730e5a" activeEnvironment="Default" name="REST_TIN" soapui-version="5.6.0" abortOnError="false" runType="SEQUENTIAL" xmlns:con="http://eviware.com/soapui/config"><con:settings/><con:interface xsi:type="con:RestService" id="9d180ea5-1af5-45da-b597-7776524c9cfd" wadlVersion="http://wadl.dev.java.net/2009/02" name="http://172.28.66.170:7070" type="rest" xmlns:xsi="http://www.w3.org/2001/XMLSchema-instance"><con:settings/><con:definitionCache/><con:endpoints><con:endpoint>http://172.28.66.170:7070</con:endpoint></con:endpoints><con:resource name="Application.wadl" path="/ProTINWS/v1/transfer" id="10f4127a-cfd2-40e4-9ff2-a7b5961b0fae"><con:settings/><con:parameters/><con:method name="Application.wadl 1" id="8b1ff7dd-775b-40d5-a0df-8aaa9d6af199" method="POST"><con:settings/><con:parameters/><con:representation type="FAULT"><con:mediaType>text/html; charset=UTF-8</con:mediaType><con:status>400 405 500</con:status><con:params/><con:element>html</con:element></con:representation><con:representation type="REQUEST"><con:mediaType>application/json</con:mediaType><con:params/></con:representation><con:representation type="RESPONSE"><con:mediaType xsi:nil="true"/><con:status>0</con:status><con:params/><con:element>data</con:element></con:representation><con:representation type="RESPONSE"><con:mediaType xsi:nil="true"/><con:status>0</con:status><con:params/><con:element>data</con:element></con:representation><con:request name="debit" id="eb462252-9f8a-46ec-b521-0a774a2bb6a8" mediaType="application/json" postQueryString="false"><con:settings><con:setting id="com.eviware.soapui.impl.wsdl.WsdlRequest@request-headers">&lt;xml-fragment/></con:setting></con:settings><con:endpoint>http://172.28.66.170:7070</con:endpoint><con:request>{
	"symbol": "$tin",
	"amount ": "40000.00 ",
	"action_id": "1 b789939 - 74e2 - 44 b7 - 9537 - 684 f19315e23",
	"id": "1 b789939 - 74e2 - 44 b7 - 9537 - 684 f19315e23",
	"source": "wY1YGBgasyRMQ1LTutMTe45XwcAv3JFWns",
	"error": {
		"code": "0",
		"message": "Success"
	},
	"snapshot": {
		"target ": {
			"wallet ": {
				"handle ": "$573105870942",
				"signer ": ["wbHD7iFTpPnr2mqQeYE4MgYXCNS82Pgr9m "],
				"labels ": {
					"created ": "2019 - 10 - 15 T11: 12: 32 - 05: 00 ",
					"type ": "PERSON "
				}
			},
			"signer ": {
				"labels ": {}
			}
		},
		"source": {
			"signer": {
				"labels ": {
					"createdBy": "6 zcPgH4QIwU88w2OnsYE",
					"lastName": "BARBOZA",
					"email": "G5A8S7R0 @BCS.COM",
					"mobile": "3124785411",
					"created": "2020 - 09 - 08 T14: 57: 36 - 05: 00",
					"countryOfResidence": "CO",
					"proprietary": "CC",
					"bankAccountType": "SVGS",
					"identification": "51947444",
					"routerReference": "$bancocajasocial",
					"bankBicfi": "1032",
					"bankAccountNumber": "24026056443",
					"bankName": "Banco Caja Social",
					"description": "Transacción Creada Tue Sep 08 14: 57: 02 COT 2020",
					"firstName": "JACINTA"
				},
				"handle ": "wY1YGBgasyRMQ1LTutMTe45XwcAv3JFWns"
			},
			"wallet": {
				"handle": "$573124785411",
				"signer": ["wcC3w1uJEXfa9Vng1QAJse3gR6W77mHdZR"],
				"labels": {
					"type": "PERSON",
					"channelSms": "573124785411",
					"created": "2020 - 09 - 04 T14: 35: 13 - 05: 00"
				}
			}
		},
		"symbol": {
			"signer": {
				"labels": {
					"createdBy": "ZhrQA3vcm17h2RRO4LrJ",
					"created": "2018 - 10 - 19 T20: 23: 22.041 Z"
				},
				"handle": "wMxKCAzsQBiUURDU3xD3xuSbVo1S9jmf3d"
			},
			"wallet": {
				"labels": {
					"created": "2018 - 10 - 19 T20: 22: 48.350 Z",
					"type": "symbol"
				},
				"handle": "$tin",
				"default": "wMxKCAzsQBiUURDU3xD3xuSbVo1S9jmf3d",
				"signer": ["wMxKCAzsQBiUURDU3xD3xuSbVo1S9jmf3d"]
			}
		}
	},
	"labels": {
		"sourceCreated": "2020 - 09 - 24 T08: 39: 18.929",
		"status": "PENDING",
		"tx_id": "APII0268326063186756",
		"hash": "PENDING",
		"sourceChannel": "WEB",
		"created": "2020 - 09 - 24 T08: 40: 19 - 05: 00",
		"domain": "tin",
		"tx_ref": "LbHRUymQrEijdaepI",
		"description": "ASDAS",
		"numberOfTransactions": "1",
		"deviceFingerPrint": {
			"SIMCardId": "Windows",
			"ipAddress": "190.217 .17 .210",
			"country": "Colombia",
			"hash": "68313 c19cdc426191aa1a4932347beb964862c4a6d18c8b11cc4a13d15efed31",
			"mobileDevice": "fGTpaUwNY3GH40 ,xt9jg4tu,tg * Z % Gjh",
			"city": "Bogotá",
			"operator": "Level 3 Colombia S.A",
			"geolocation": "",
			"model": "Chrome"
		},
		"updated": "2020 - 09 - 24 T08: 40: 19 - 05: 00",
		"type": "SEND",
		"transactionPurpose": "TRANSFER"
	},
	"target": "$573105870942"
}</con:request><con:originalUri>http://172.28.66.170/ProTINWS/v1/debit</con:originalUri><con:credentials><con:authType>No Authorization</con:authType></con:credentials><con:jmsConfig JMSDeliveryMode="PERSISTENT"/><con:jmsPropertyConfig/><con:parameters/><con:parameterOrder><con:entry/></con:parameterOrder></con:request><con:request name="debit2" id="feef0c0f-6612-4e87-966c-0dbbdeba4e1e" mediaType="application/json" postQueryString="false"><con:settings><con:setting id="com.eviware.soapui.impl.wsdl.WsdlRequest@request-headers">&lt;xml-fragment/></con:setting></con:settings><con:endpoint>http://172.28.66.170:7070</con:endpoint><con:request>{
	"symbol": "$tin",
	"amount ": "40000.00 ",
	"action_id": "1 b789939 - 74e2 - 44 b7 - 9537 - 684 f19315e23",
	"id": "1 b789939 - 74e2 - 44 b7 - 9537 - 684 f19315e23",
	"source": "wY1YGBgasyRMQ1LTutMTe45XwcAv3JFWns",
	"error": {
		"code": "0",
		"message": "Success"
	},
	"snapshot": {
		"target ": {
			"wallet ": {
				"handle ": "$573105870942",
				"signer ":  [{"0" : "wZz1gar4HVfd6Rmfnc35STsa2C7NHCa9dm", "1" : "weFjXFQTamBwhZQisK"}],
				"labels ": {
					"created ": "2019 - 10 - 15 T11: 12: 32 - 05: 00 ",
					"type ": "PERSON"
				}
			},
			"signer ": {
				"labels ": {}
			}
		},
"source": {
			"signer": {
				"labels ": {
					"createdBy": "6 zcPgH4QIwU88w2OnsYE",
					"lastName": "BARBOZA",
					"email": "G5A8S7R0 @BCS.COM",
					"mobile": "3124785411",
					"created": "2020 - 09 - 08 T14: 57: 36 - 05: 00",
					"countryOfResidence": "CO",
					"proprietary": "CC",
					"bankAccountType": "SVGS",
					"identification": "51947444",
					"routerReference": "$bancocajasocial",
					"bankBicfi": "1032",
					"bankAccountNumber": "24026056443",
					"bankName": "Banco Caja Social",
					"description": "Transaccion Creada Tue Sep 08 14: 57: 02 COT 2020",
					"firstName": "JACINTA"
				},
				"handle ": "wY1YGBgasyRMQ1LTutMTe45XwcAv3JFWns"
			},
			"wallet": {
				"handle": "$573124785411",
				"signer": [{"0" : "wZz1gar4HVfd6Rmfnc35STsa2C7NHCa9dm", "1" : "weFjXFQTamBwhZQisK"}],
				"labels": {
					"type": "PERSON",
					"channelSms": "573124785411",
					"created": "2020 - 09 - 04 T14: 35: 13 - 05: 00"
				}
			}
		},
		"symbol": {
			"signer": {
				"labels": {
					"createdBy": "ZhrQA3vcm17h2RRO4LrJ",
					"created": "2018 - 10 - 19 T20: 23: 22.041 Z"
				},
				"handle": "wMxKCAzsQBiUURDU3xD3xuSbVo1S9jmf3d"
			},
			"wallet": {
				"labels": {
					"created": "2018 - 10 - 19 T20: 22: 48.350 Z",
					"type": "symbol"
				},
				"handle": "$tin",
				"default": "wMxKCAzsQBiUURDU3xD3xuSbVo1S9jmf3d",
				"signer": [{"0" : "wZz1gar4HVfd6Rmfnc35STsa2C7NHCa9dm", "1" : "weFjXFQTamBwhZQisK"}]
			}
		}
	},
	"labels": {
		"sourceCreated": "2020 - 09 - 24 T08: 39: 18.929",
		"status": "PENDING",
		"tx_id": "APII0268326063186756",
		"hash": "PENDING",
		"sourceChannel": "WEB",
		"created": "2020 - 09 - 24 T08: 40: 19 - 05: 00",
		"domain": "tin",
		"tx_ref": "LbHRUymQrEijdaepI",
		"description": "ASDAS",
		"numberOfTransactions": "1",
		"deviceFingerPrint": {
			"SIMCardId": "Windows",
			"ipAddress": "190.217.17.210",
			"country": "Colombia",
			"hash": "68313 c19cdc426191aa1a4932347beb964862c4a6d18c8b11cc4a13d15efed31",
			"mobileDevice": "fGTpaUwNY3GH40,xt9jg4tu,tg*Z%Gjh",
			"city": "Bogota",
			"operator": "Level 3 Colombia S.A",
			"geolocation": "",
			"model": "Chrome"
		},
		"updated": "2020 - 09 - 24 T08: 40: 19 - 05: 00",
		"type": "SEND",
		"transactionPurpose": "TRANSFER"
	},
	"target": "$573105870942"
	
}</con:request><con:originalUri>http://172.28.66.170/ProTINWS/v1/debit</con:originalUri><con:credentials><con:authType>No Authorization</con:authType></con:credentials><con:jmsConfig JMSDeliveryMode="PERSISTENT"/><con:jmsPropertyConfig/><con:parameters/></con:request></con:method><con:method name="Status" id="8b1ff7dd-775b-40d5-a0df-8aaa9d6af199" method="POST"><con:settings/><con:parameters/><con:representation type="FAULT"><con:mediaType>text/html; charset=UTF-8</con:mediaType><con:status>400 405 404</con:status><con:params/><con:element>html</con:element></con:representation><con:representation type="REQUEST"><con:mediaType>application/json</con:mediaType><con:params/></con:representation><con:representation type="RESPONSE"><con:mediaType xsi:nil="true"/><con:status>0</con:status><con:params/><con:element>data</con:element></con:representation><con:representation type="RESPONSE"><con:mediaType xsi:nil="true"/><con:status>0</con:status><con:params/><con:element>data</con:element></con:representation><con:request name="starus" id="eb462252-9f8a-46ec-b521-0a774a2bb6a8" mediaType="application/json" postQueryString="false"><con:settings><con:setting id="com.eviware.soapui.impl.wsdl.WsdlRequest@request-headers">&lt;xml-fragment/></con:setting></con:settings><con:endpoint>http://172.28.66.170:7070</con:endpoint><con:request>{
	"symbol": "$tin",
	"amount": "1200.00",
	"action_id": "a4d7ce2a-d4a4-47e7-b3b9-a6eca65ffa42",
	"id": "a4d7ce2a-d4a4-47e7-b3b9-a6eca65ffa42",
	"source": "wbx7nnR3C91xaDdjB9J2nS5XHquEE9Zw67",
	"error": {
		"code": 331,
		"message": "Transaction deadline exceeded"
	},
	"snapshot": {
		"symbol": {
			"signer": {
				"labels": {
					"createdBy": "ZhrQA3vcm17h2RRO4LrJ",
					"created": "2018-10-19T20:23:22.041Z"
				},
				"handle": "wMxKCAzsQBiUURDU3xD3xuSbVo1S9jmf3d"
			},
			"wallet": {
				"signer": ["wMxKCAzsQBiUURDU3xD3xuSbVo1S9jmf3d"],
				"handle": "$tin",
				"labels": {
					"created": "2018-10-19T20:22:48.350Z",
					"type": "symbol"
				},
				"default": "wMxKCAzsQBiUURDU3xD3xuSbVo1S9jmf3d"
			}
		},
		"source": {
			"signer": {
				"labels": {
					"firstName": "ACSA                          ",
					"lastName": "ECHEVERRY                     ",
					"identification": "1000000900",
					"bankBicfi": "1032",
					"bankName": "Banco Caja Social",
					"proprietary": "CC"
				},
				"handle": "wbx7nnR3C91xaDdjB9J2nS5XHquEE9Zw67"
			},
			"wallet": {
				"handle": "$573450009888",
				"labels": {
					"type": "PERSON",
					"created": "2020-09-04T10:25:48-05:00"
				},
				"signer": ["wbx7nnR3C91xaDdjB9J2nS5XHquEE9Zw67"]
			}
		},
		"target": {
			"signer": {
				"labels": {}
			},
			"wallet": {
				"signer": ["wQ1ZzeZ6FqwTrv9VnhTPbcfFiiSsjkSaWz", "wM8ScK4evPfy7bGE4gzMgSgm745dhuXqiU", "wdsTtJxRSMxzUSMkHxpLwLGfV56ydVRJTE", "wNmezk5wyhYrttdTj6zyE1W15SLNhdFHcJ", "wRNcVvMWxMPws1p1kTqM5utmBAxpBfKihu", "wbcuysGHXFSkwJrQpmsvTocxCCf2qUM5uT", "wZKzbYHPXmGpKCSRM6CSVpmrjX2vBTg4zE", "wdg2bZ3f5W8LarDga9iF3xG71Ev2JYKNpg", "wVMf892TgJJWeBybKZ8C67PvjkqgHTVEX1", "wYFC1tnfNjkjNUvKZbBM2NTbNWP1iABsFr", "wivwszW4nCyN9iZnCzwMNmXa9RJyM9ECAG", "wi9yZqV5ezMiP8t6coFei3cQpQoYBxZ5R5", "wUj8zwjc5oYbk4wpLJS7YXuDehmfMqYwUw", "wLZydqryE6bSgNCF88qUSMRh8GVmoTR1zP", "wazyQ4gHHeC8RUQHDe2WB5pm3qh7cBkeRu"],
				"labels": {
					"created": "2020-02-26T08:56:24-05:00",
					"type": "PERSON"
				},
				"handle": "$573153153150"
			}
		}
	},
	"labels": {
		"type": "SEND",
		"status": "REJECTED",
		"reverseInitiated": true,
		"tx_ref": "6zo7aC5iuKiQ8pyoC",
		"description": "Prueba",
		"transactionPurpose": "TRANSFER",
		"sourceCreated": "2020-09-23T18:01:23.287",
		"updated": "2020-09-24T06:42:07-05:00",
		"created": "2020-09-23T18:02:22-05:00",
		"sourceChannel": "APP",
		"domain": "tin",
		"hash": "PENDING",
		"deviceFingerPrint": {
			"city": "Bogotá",
			"geolocation": " ",
			"mobileDevice": "863697048818081",
			"country": "Colombia",
			"hash": "0546CA9A94DE8DFE7E7A12138B6908B299C4B88BE719BE203867F964ADA633A6",
			"operator": " ",
			"SIMCardId": "38:47:bc:87:a6:ae",
			"model": "DUB-LX3",
			"ipAddress": "186.84.90.67"
		},
		"numberOfTransactions": "1",
		"tx_id": "APIU0267327091855663"
	},
	"target": "$573153153150"
}</con:request><con:originalUri>http://172.28.66.170/ProTINWS/v1/debit</con:originalUri><con:credentials><con:authType>No Authorization</con:authType></con:credentials><con:jmsConfig JMSDeliveryMode="PERSISTENT"/><con:jmsPropertyConfig/><con:parameters/><con:parameterOrder><con:entry/></con:parameterOrder></con:request></con:method><con:method name="trasnfer" id="8b1ff7dd-775b-40d5-a0df-8aaa9d6af199" method="POST"><con:settings/><con:parameters/><con:representation type="FAULT"><con:mediaType>text/html; charset=UTF-8</con:mediaType><con:status>400 405 404 500 503</con:status><con:params/><con:element>html</con:element></con:representation><con:representation type="REQUEST"><con:mediaType>application/json</con:mediaType><con:params/></con:representation><con:representation type="RESPONSE"><con:mediaType xsi:nil="true"/><con:status>0</con:status><con:params/><con:element>data</con:element></con:representation><con:representation type="RESPONSE"><con:mediaType xsi:nil="true"/><con:status>0</con:status><con:params/><con:element>data</con:element></con:representation><con:representation type="RESPONSE"><con:mediaType xsi:nil="true"/><con:status>0</con:status><con:params/><con:element>data</con:element></con:representation><con:representation type="FAULT"><con:mediaType>application/json;charset=UTF-8</con:mediaType><con:status>400</con:status><con:params/><con:element xmlns:deb="http://172.28.66.170/ProTINWS/v1/debit">deb:Fault</con:element></con:representation><con:representation type="RESPONSE"><con:mediaType>application/json;charset=UTF-8</con:mediaType><con:status>200</con:status><con:params/><con:element xmlns:deb="http://172.28.66.170/ProTINWS/v1/debit">deb:Response</con:element></con:representation><con:request name="transfer" id="eb462252-9f8a-46ec-b521-0a774a2bb6a8" mediaType="application/json" postQueryString="false"><con:settings><con:setting id="com.eviware.soapui.impl.wsdl.WsdlRequest@request-headers">&lt;xml-fragment/></con:setting></con:settings><con:endpoint>http://172.28.66.170:7070</con:endpoint><con:request> {
   "source": "wcN2cESuNidmPLTHpvWidwP9Uv9ribw7Gm",
   "sourceBalance": null,
   "target": "$573202364681",
   "targetBalance": null,
   "amount": "10.00",
   "symbol": "$tin",
   "labels": {
      "hash": "PENDING",
      "type": "SEND",
      "domain": "tin",
      "status": "PENDING",
      "tx_ref": "5pu9eAsINBGHLddHI",
      "created": "2021-02-19T14:19:35-05:00",
      "updated": "2021-02-19T14:19:35-05:00",
      "description": "QA - testing flow",
      "sourceChannel": "APP",
      "deviceFingerPrint": {
         "city": "Bogota",
         "hash": "26fff5af6441f8e15a71e8d62c361714484b1b308c99e8eb68ca85e2a7e0dc58",
         "model": "Huawei Mate 20 Pro",
         "country": "Colombia",
         "operator": "Bharti Airtel Limited",
         "SIMCardId": "8991101200003204510",
         "ipAddress": "2001:0db8:85a3:0000:0000:8a2e:0370:7334",
         "mobileDevice": "990000862471854"
      },
      "transactionPurpose": "TRANSFER"
   },
   "snapshot": {
      "source": {
         "signer": {
            "handle": "wcN2cESuNidmPLTHpvWidwP9Uv9ribw7Gm",
            "labels": {
               "email": "nikola.tesla@minka.io",
               "mobile": "3202364681",
               "created": "2020-03-03T11:11:11-05:00",
               "bankName": "Banco Amarillo",
               "lastName": "Tesla",
               "bankBicfi": "3854",
               "createdBy": "ckw9zpDUeKi1JdOFSmlj",
               "firstName": "Nikola",
               "proprietary": "CC",
               "routerFormat": "ISO20022",
               "sourceChannel": "APP",
               "identification": "27633567",
               "bankAccountType": "SVGS",
               "routerReference": "$bancoamarillo",
               "bankAccountNumber": "2034241421",
               "countryOfResidence": "HR"
            }
         },
         "wallet": {
            "handle": "$573010071856",
            "labels": {
               "type": "PERSON",
               "created": "2020-03-03T11:09:55-05:00",
               "channelSms": "573004431529"
            },
            "signer": [
               "wRRdUvj1bujdsxy3Eu1tBqYcp1yDDTm87e",
               "wcN2cESuNidmPLTHpvWidwP9Uv9ribw7Gm",
               "wbbsnCWbAxDFX7czdQZ6SoW91emkDeHzwF",
               "wL72vH9kmAJR1KSDwZKgPVu6apz7tLAsZA"
            ]
         }
      },
      "symbol": {
         "signer": {
            "handle": "wMxKCAzsQBiUURDU3xD3xuSbVo1S9jmf3d",
            "labels": {
               "created": "2018-10-19T20:23:22.041Z",
               "createdBy": "ZhrQA3vcm17h2RRO4LrJ"
            }
         },
         "wallet": {
            "handle": "$tin",
            "labels": {
               "type": "symbol",
               "created": "2018-10-19T20:22:48.350Z"
            },
            "signer": [
               "wMxKCAzsQBiUURDU3xD3xuSbVo1S9jmf3d"
            ],
            "default": "wMxKCAzsQBiUURDU3xD3xuSbVo1S9jmf3d"
         }
      },
      "target": {
         "signer": {
            "handle": "wg8pTeKYoHZ5ApXYnfCqhSWoQjXEtvLPmC",
            "labels": {
               "email": "ludwig.boltzmann@minka.io",
               "mobile": "3120021844",
               "created": "2020-03-03T11:16:52-05:00",
               "bankName": "Banco Amarillo",
               "lastName": "Boltzmann",
               "bankBicfi": "3854",
               "createdBy": "ckw9zpDUeKi1JdOFSmlj",
               "firstName": "Ludwig Eduard",
               "proprietary": "CE",
               
               "sourceChannel": "WEB",
               "identification": "9876543210",
               "bankAccountType": "TRAS",
               "routerReference": "$bancoamarillo",
               "bankAccountNumber": "12345678901",
               "countryOfResidence": "AT"
            }
         },
         "wallet": {
            "handle": "$573120021844",
            "labels": {
               "type": "PERSON",
               "created": "2020-03-03T11:15:55-05:00",
               "channelSms": "573168059182"
            },
            "signer": [
               "wZPonJJNvDF3WEcTpC22i3wDWjqczXeEiP",
               "wg8pTeKYoHZ5ApXYnfCqhSWoQjXEtvLPmC",
               "weh6Vgr2UXRiQrjkifBtSXxukLq7TBo4Ld",
               "wf1G7rx6ohofQMpJjEH3B2aMVizngaWfbs",
               "wNqJd7buJLz3HqkZyw6jonB57rDANL8os9"
            ]
         }
      }
   },
   "action_id": "900661e8-5564-4786-841a-edd61200dc4d",
   "error": {
      "code": 0,
      "message": "Success"
   },
   "id": "900661e8-5564-4786-841a-edd61200dc4d"
}
</con:request><con:originalUri>http://172.28.66.170/ProTINWS/v1/debit</con:originalUri><con:credentials><con:authType>No Authorization</con:authType></con:credentials><con:jmsConfig JMSDeliveryMode="PERSISTENT"/><con:jmsPropertyConfig/><con:parameters/><con:parameterOrder><con:entry/></con:parameterOrder></con:request></con:method></con:resource></con:interface><con:properties/><con:wssContainer/><con:oAuth2ProfileContainer/><con:oAuth1ProfileContainer/></con:soapui-project>